,Unnamed: 0,feature,label
1,4197,"RAGEline The all new RAGEline, exclusively from Balance Community! The Ultimate trickline webbing consisting of a polyester sheath with a nylon core that results in the most powerful trickline on the planet. Ultra strong, ultra tough, it's time to RAGE!",sports equipment sports equipment trekking/mountaineering sports equipment
38,7582,The Iz    Meet the creatures known as The Iz. They lurk in the shadows & cause mischief when no one is looking.,household/office furniture/furnishings household/office furniture household/office storage/display furniture/screens
47,4889,"Remorque en galvanisÔøú Grande remorque, galvanisÔøú pneus neufs ainsi que la roue de secours, flÔøúche rÔøúglable selon le vÔøúhicule VL ou PL Dimenssion : Long 2.50 m. Larg 1.40 m. Hauteur 1.80 m. - Elle tracte sans carte grise. - SystÔøúme Ôøúclairage fontionne parfaitement. - Ouverture par l'arriÔøúre qui se rabat au sol et facilite le chargement sur la largeur ouverture. A prendre sur place",automotive cars and motorcycles cars
48,7531,"XTM Glove Guard  The best way to maintain and treat your leather. Australian made for sealing, softening and preserving leather ski, sports and work gloves. Apply thick to wet leather and rub in well. Use as a regular dressing and see instant results!",sports equipment sports equipment snow/ice sports equipment
58,3629,"Cuchillos Miracle Blade World Class 11 Piezas   Cuchillos Cocina Miracle Blade World      El juego de Cuchillos de Cocina Miracle Blade World Class 11 piezas nunca se desafilan, tienen una hoja tan potente y afilada que hasta corta una piÒa en el aire, adem·s de un diseÒo tan extraordinario que utiliza un sistema de control para picar, cortar y trocear de la forma m·s r·pida.    †   El mango de los CUCHILLOS MIRACLE BLADE World Class est· especialmente diseÒado para su confort y la hoja, reforzada y templada, es del mejor acero inoxidable.  †     Los Cuchillos de Cocina Miracle Blade World Class 11 piezas siempre permanecer·n afilados gracias a la revolucionaria hoja 3 en 1.     †  Cada vez que prepare carne asada, pavo o pollo, obtendr· un corte perfecto.     Usted recibir· a la entrega de su pedido: 1 Cuchillo de uso general + 1 Cuchillo para cortar en rodajas o en lonchas + 1 Cuchillo de picar + 4 Cuchillos para chuletas + 1 Cuchillo de Filetear + 1 Cuchillo de pelar + 1 Tijeras para trocear pollo y pavo + 1 cuchillo rebanador grande de regalo!  †    †    †",kitchen merchandise kitchen merchandise tableware ñ serving/eating/drinking equipment
127,6404,"SH309NL       Name dropped 4"" capiz shell night lights with shell turtle and sea star decoration. Made in USA. UL listed. Each light includes 4W bulb.  Made in Philippines.  Monster Trendz code SH309NL   This is a close-out item and has limited availability.",personal accessories personal accessories jewellery
149,4425,"Beacon - USB Flash Drive Beacon is a trendy USB flash drive with translucent plastic, metal inlays, and LED activity light. Choose various colors and use its large printing area to its full potential.",audio visual/photography audio visual media recordable media
155,6612,ONE Generic † SALE,clothing clothing upper body wear/tops
156,4277,SJME-04AMC41-OY used 400W servo motor Yaskawa This†SJME-04AMC41-OY†used 400W servo motor†from Omron / Yaskawa is almost used. You get wat you see on the photo.†See the second photo†foto fore more info.,electrical supplies electrical connection/distribution electrical distribution
166,5383,"Tony Parker San Antonio Spurs Framed 15'' x 17'' Collage with Team-Used Ball Each of these collectibles comes designed with a photo of the player and home stadium, a team logo, and an actual piece of team-used basketball from the San Antonio Spurs. This team-used basketball was used during the 2012-13 NBA season and its authenticity is guaranteed by the NBA and Fanatics Authentic. It is officially licensed by the National Basketball Association and comes with a statement of authenticity. It is framed in black wood and measures 15'' x 17'' x 1''.",sports equipment sports equipment sports balls/pucks/shuttlecocks/frisbees/boomerangs
171,3310,"Samsung 6.5 kg Fully Automatic Washing Machine - WA85BSOEH-XTL       For any product related issue, please contact the merchant within 24 hours of receiving the product. Merchant details will be mentioned in the invoice.            The Samsung WA85BSOEH is a fully automatic washing machine with a capacity of 6.5 kg. The Wobble technology creates 3D Dynamic Wash, that increases the washing power and saves about 30% of the water consumed. This washing machine is designed to memorise and recall the last cycle setting, so that it can resume operations with the previous settings after a power-cut.Body & DesignThe top-loading Samsung WA85BSOEH washing machine has a diamond drum for effective and gentle washing of clothes. The holes of the drum are embossed in diamond shape, preventing damage caused due to fabric getting stuck in the cubic drum. The tempered glass window of the washing machine is scratch proof and designed to withstand wear and tear. The location of the Magic filter enables it to effectively remove lint even at a low water level. This Samsung washing machine also has an Easy Open Articulating handle.Features & TechnologyThe 5-Step Super Clean System of the Samsung WA85BSOEH washing machine removes dirt and grime in a five stage cleaning process. Rapid drying of clothes is possible with the Air Turbo Drying System, which uses a powerful motor to pull out more water from the drum and reduce the drying time. The Eco Storm Pulsator of this washing machine keeps clothes free from germs, stains and odour. This Samsung washing machine comes with the Aqua Preserve feature, which reduces the wastage of water by reusing the last rinsed out water. There is a wash program dedicated for sari wash, which conveniently cleans saris without any tangle.",home appliances major domestic appliances major laundry appliances
175,8011,398648-001 HP P-Series BBWC 4.8V Battery Description:HP 4.8V Battery for BBWC option on P-Series controllersPart Number(s)Option Part# 383280-B21 (includes cable)Spare Part# 381573-001 (includes cable)Battery only Part# 398648-001,electrical supplies electrical connection/distribution batteries/chargers
183,5297,Baltimore Ravens Steel Cube Set of 6 Celebrate your Baltimore Ravens fandom with these steel cubes. Thereís nothing better than taking a sip from your favorite beverage while you watch your Baltimore Ravens dominate the opposition. Now you can add a splash of Baltimore Ravens spirit to ensure your beverage stays ice cold without watering down with these 6 steel cubes.,household/office furniture/furnishings ornamental furnishings ornaments
191,1481,Los Angeles Lakers Galaxy S5 Hardwood Court Case Celebrate your Los Angeles Lakers fandom by toting the look of the hardwood everywhere you go with this Galaxy S5 Hardwood Court case! This plastic Los Angeles Lakers case will easily snap into place on your favorite electronic device and give you plenty of space to access all of your ports and controls. A vibrant team logo is printed over a wood plank pattern to so everyone knows you love watching your Los Angeles Lakers hit the court and play their hearts out.,communications communications communication accessories
229,6704,"Vidda Pro 44, Green Fj‰llr‰ven Vidda Pro Men is a pair of durable trekking trousers with low waist and regular fit in G-1000. Reinforcements at the rear and knees and 7 practical pockets.",clothing clothing upper body wear/tops
235,3701,"Sil-Slick Rubber Lube 2 Oz      Silicone oil, a step or two up from Armorall (at auto parts store). You must lubricate rubber motors to get their full power, and keep them from breaking when fully wound. Sil-Slick is seriously greasy stuff! Consider wearing disposable latex gloves when lubricating motors. Put some Sil-Slick in a zip-lock poly bag with your cut-to-length motor and let it soak. Put on the O-ring and tie the knot BEFORE lubricating!",arts/crafts/needlework arts/crafts/needlework supplies needlework/toy making craft supplies
246,4757,Raija Dashiki Raija Dashiki,clothing clothing upper body wear/tops
253,3572,"Muslin Backdrop Steamer                                     Powerful, lightweight and compact.  The 600 watt heating element on this hand held steamer heats up very quickly so you can steam away wrinkles from your muslin backdrop.  120 Volt.  Uses plain tap water.  Great for use in the studio or on location.†",plumbing/heating/ventilation/air conditioning plumbing/heating/ventilation/air conditioning heating equipment
259,6982,"Yakima Universal Foam Block Canoe Carrier and Tie Down Kit 8004055, Closeout 20% Off The Yakima 8004055 Complete Universal Foam Block Canoe Carrier and Tie Down Kit is a simple, economical method of supporting and transporting your canoe. This entry-level canoe carrying solution from Yakima includes 4 non-skid foam blocks, 2 - 9 foot ladder-lock tie down straps, 1 heavy-duty tie down strap with a rubber buckle cover, 4 S-hooks and 2 3-point bow and stern tie-down cam straps. That's just about everything you need for shorter trips or for paddlers just getting started with canoeing. These foam canoe blocks are simply designed for easy installation and to be compatible with most canoe gunwale styles. The Yakima Complete Universal Foam Block Canoe Carrier and Tie Down Kit features laminated, non-skid pads allowing them to grip a naked roof or attach to Yakima Roundbars, Thule square crossbars, and most factory installed crossbars right out of the bag. The Universal Canoe Foam Block Kit comes in a re-useable mesh storage bag with shoulder cords.Foam Block Dimensions: 6"" long x 4"" high x 4"" wide with aero profile holeCapacity: 1 Canoe per kitLimited Lifetime Warranty",automotive automotive accessories and maintenance automotive cargo management
261,7438,"Light Pole Hand Hole Cover <!DOCTYPE html PUBLIC ""-//W3C//DTD XHTML 1.0 Transitional//EN"" ""http://www.w3.org/TR/xhtml1/DTD/xhtml1-transitional.dtd""> <html xmlns=""http://www.w3.org/1999/xhtml"" xmlns:v=""urn:schemas-microsoft-com:vml"" xmlns:o=""urn:schemas-microsoft-com:office:office""> <head> <meta http-equiv=""Content-Type"" content=""text/html	 charset=utf-8"" /> <title>Untitled 1</title> </head> <body> <font size=""2"" face=""Verdana, Arial, MS Sans Serif"">The U-Cover provides a reliable standard procedure to secure open hand holes in utility poles. The product adapts to round poles from 6 inches in diameter up to 12 inches. The universal design of the U-Cover can reduce the number of inventory items stock keepers need to maintain. A penta head security bolt threads through a stainless steel band that tightens around the pole as the bolt is tightened.</font> <p><font size=""2"" face=""Verdana, Arial, MS Sans Serif"">Molded from .150&quot	 thick UV protected ABS, the U-Cover is brushed aluminum in color (standard) and has a single stainless steel strap. Either a stainless steel penta head security bolt or a regular hex head bolt is available upon request.</font></p> <p><font size=""2"" face=""Verdana, Arial, MS Sans Serif"">There are many benefits of U-Cover:</font></p> <ul>   <li><font size=""2"" face=""Verdana, Arial, MS Sans Serif"">Easily   secured by one person</font> </li>   <li><font size=""2"" face=""Verdana, Arial, MS Sans Serif"">All   parts are reusable</font> </li>   <li><font size=""2"" face=""Verdana, Arial, MS Sans Serif"">Adapts   to different diameter poles to reduce inventory</font> </li>   <li><font size=""2"" face=""Verdana, Arial, MS Sans Serif"">Adapts   to different style and size hand holes</font> </li>   <li><font size=""2"" face=""Verdana, Arial, MS Sans Serif"">Secures   from outside the pole with no exposed metal inside</font> </li>   <li><font size=""2"" face=""Verdana, Arial, MS Sans Serif"">   Extremely durable and water resistant</font> </li>   <li><font size=""2"" face=""Verdana, Arial, MS Sans Serif"">Vandal   resistant penta head security bolt</font> </li>   <li><font size=""2"" face=""Verdana, Arial, MS Sans Serif"">Provides   a quick and efficient Standard Method for field crews</font>   </li>   <li><font size=""2"" face=""Verdana, Arial, MS Sans Serif"">A   standard replacement part to reduce inventory items</font> </li>   <li><font size=""2"" face=""Verdana, Arial, MS Sans Serif"">An   excellent light duty assignment that reduces your liability</font>   </li> </ul> <p><b><font size=""3"" face=""Verdana, Arial, MS Sans Serif"">Specifications</font></p> </b> <p><font size=""2"" face=""Verdana, Arial, MS Sans Serif""><b>U-Cover:</b></font></p> <ul>   <li><font size=""2"" face=""Verdana, Arial, MS Sans Serif"">.150&quot	   Cycolac L Molded ABS</font> </li>   <li><font size=""2"" face=""Verdana, Arial, MS Sans Serif"">   Effective temperature range -40 deg F to 200 deg F</font> </li>   <li><font size=""2"" face=""Verdana, Arial, MS Sans Serif"">UV   Protected</font> </li>   <li><font size=""2"" face=""Verdana, Arial, MS Sans Serif"">Brushed   aluminum color</font> </li>   <li><font size=""2"" face=""Verdana, Arial, MS Sans Serif"">Pole   profile: Protrudes 1 3/8&quot	 off the pole</font> </li>   <li><font size=""2"" face=""Verdana, Arial, MS Sans Serif"">Impact   resistance: Izod 7.5 (Bullet-proof glass = 12)</font> </li> </ul> <p><font size=""2"" face=""Verdana, Arial, MS Sans Serif""><b>Steel Strap:</b></font></p> <ul>   <li><font size=""2"" face=""Verdana, Arial, MS Sans Serif"">304   Stainless steel: 0.30&quot	 thick</font> </li>   <li><font size=""2"" face=""Verdana, Arial, MS Sans Serif"">1/2&quot	   wide</font> </li>   <li><font size=""2"" face=""Verdana, Arial, MS Sans Serif"">   Predrilled holes to fit 6&quot	, 7&quot	 or 8&quot	 diameter poles </font></li> </ul> <p><font size=""2"" face=""Verdana, Arial, MS Sans Serif""><b>Penta Head Bolt:</b></font></p> <ul>   <li><font size=""2"" face=""Verdana, Arial, MS Sans Serif"">   Stainless steel 3/8&quot	 - 16&quot	 x 2&quot	</font> </li>   <li><font size=""2"" face=""Verdana, Arial, MS Sans Serif"">Large   pattern penta head</font> </li>   <li><font size=""2"" face=""Verdana, Arial, MS Sans Serif"">A 3/8&quot	   18.8 stainless steel fender washer </font></li> </ul> <p><font size=""2"" face=""Verdana, Arial, MS Sans Serif""><b>Vinyl Protector:</b></font></p> <ul>   <li><font size=""2"" face=""Verdana, Arial, MS Sans Serif"">Formula   741</font> </li>   <li><font size=""2"" face=""Verdana, Arial, MS Sans Serif"">   Insulates to 20,000 volts</font> </li> </ul> <p>&nbsp	</p> </body> </html>",safety/security/surveillance home/business safety/security/surveillance alarm systems
262,4971,"Olympic Clear Sealer                Protect your deck with Olympic Clear SealerOlympic Clear Sealer is perfect for the tough pool environment. Clear Sealer protects deck surfaces against salt and water damage, and provides a clear, soft luster finish. It rolls or sprays on and cleans up with water. Specify matte or semi-gloss when ordering.",cleaning/hygiene products cleaning products surface care
263,8069,"?       Log In needed $185†∑†Earthwing Hightailer Longboard Caliber Trucks, Superball Wheels                Gently used Earthwing Hightailer board with clear Viscious Grip tape, Caliber 50 degree 10"" trucks, and 70mm 81a Surperball Floater wheels. Deck specs are 44"" x 10"" witha wheelbase of 24.25"" or 25"". What Earthwing say:  Lookin' to hit 50mph and bust a kickflip on the same board? Here it is! The Earthwing HighTailer is a massive double kick downhill, freeride, and speedboard designed with you in mind.",automotive automotive accessories and maintenance automotive tyres/wheels
285,6030,"Makey Makey - Deluxe Kit  Description: You may be the greatest living banana-pianist, but how will you ever know if you donít make yourself a banana piano? Good news, that project and countless others are easier than you think they are with MaKey MaKey.  Using the MaKey MaKey you can make anything into a key (get it?) just by connecting a few alligator clips. The MaKey MaKey is an invention kit that tricks your computer into thinking that almost anything is a keyboard. This allows you to hook up all kinds of fun things as an input. For example, play Mario with a Play-Doh keyboard, or piano with fruit!  The MaKey MaKey uses high resistance switching to detect when youíve made a connection even through materials that arenít very conductive (like leaves, pasta or people). This technique attracts noise on the input, so a moving window averager is used to lowpass the noise. The on-board ATMega32u4 communicates with your computer using the Human Interface Device (HID) protocol which means that it can act like a keyboard or mouse.  There are six inputs on the front of the board, which can be attached to via alligator clipping, soldering to the pads, or any other method you can think of. There are another 12 inputs on the back, 6 for keyboard keys, and 6 for mouse motion, which you can access with jumpers via the female headers. If you wish to use a different set of keys, or otherwise change the behavior of your MaKey MaKey, you can simply reprogram it using the Arduino environment. Oh yeah, we didnít mention that the MaKey MaKey is an Arduino-compatible controller? Thatís right, it runs the Leonardo bootloader so reprogramming is fast and easy.  The Deluxe Kit includes everything that the basic kit does plus another pack of alligator clips, a pack of jumper wires and a roll of copper tape so you can really go crazy!  Note: Weíve updated the firmware on the MaKey MaKey along with our other ATMega32U4-based boards. Check out the Firmware Note document below.  Includes:   1 x MaKey MaKey HID Board   2 x Alligator Clip Pack   1 x Jumper Wires Pack   1 x Mini-USB Cable   1 x Roll of Copper Tape  Documents:    Schematic   Eagle Files   Github Home (Find the latest MaKey MaKey sketch here)   Getting Started Guide   MaKey MaKey Driver (For Windows users)   MaKey MaKey Arduino Addon (Unzip to your Arduino sketchbook directory)   MaKey MaKey Site   Firmware Note    Replaces: WIG-11322",electrical supplies electronic communication components electronic communication components
297,3417,10' Praying Hands         10' Praying Hands  Incandescent Option 990 watts 198 C7 bulbs  LED Option 238 watts 198 C7 bulbs,household/office furniture/furnishings ornamental furnishings ornaments
299,7157,"Sail Boat Yellow Drawer Pull Sail Boat Yellow Drawer Pull Dress up your child's dresser with these adorable and unique drawer pulls! Handcrafted by a creative and talented artisan with an eye for color and a love of whimsical things! These knobs come in a variety of colors and are the perfect accent to complement your child's themed room. All pulls are hand painted wood with glued and screwed metal inserts for extra holding strength. Two differently sized screws, an acrylic spacer, and instructions are included with each pull. Pulls are oversized for little hands.",household/office furniture/furnishings household/office furniture household/office storage/display furniture/screens
310,6024,Reloj Lotus 15797/7  Reloj Lotus para hombre. Caja de acero inoxidable con corona a rosca. Brazalete de acero inoxidable. Movimiento de cuarzo analÛgico. MultifunciÛn. W.R. 50 m. 2 aÒos de garantÌa.   Ficha tÈcnica       W.R.       5 Atm.              Sexo       Hombre              Caja       Acero              Maquinaria       Cuarzo              Color Esfera       Blanco              Correa       Acero              Cristal       Mineral              Otros       MultifunciÛn               jQuery(document).ready(function($) {       $ ('.product-field product-field-type-S > li').addClass('even')	       $ ('.product-field product-field-type-S >li:odd').addClass('odd')	     }),personal accessories personal accessories watches
404,4598,"Wahl KM 2 Speed + Mini Arco Clipper Kit The KM2 is a wonderful new clipper set to the market. Although the KM2 is robust it is still quiet, light and easy to hold. It has been designed to reduce vibration and the switch cover prevents dirt from getting inside the appliance. The KM2 has a removable air filter for ease of cleaning and maximum cooling.Takes all types of a5 snap on blades. Such as: WAHLÆ Competition Series blade sets which range from 0.4 to 10 mm.The KM2 clipping kit comes with a Mini Arco which is a cordless trimmer ideal for fiddly spots. The Mini Arco can also be used of the mains as a cord machine. Off the battery it has up to 100 minutes clipping time.†THe KM2 Professional Corded Clipper Features:45w rotary motor2 speed operation 3,000 -3,400SPMQuick change snap-on detachable blades - compatible with most Wahl, Moser, Oster and Andis bladesSupplied with Professional #10 (1.8mm) Competition series bladeLightweight - 550g without bladeQuiet, cool running technologyErgonomic shape for easy handling3m power cordRemoveable air filter for ultimate coolingSwitch cover†The Mini Arco CordCordless Animal Trimmer Features:Cord/cordless operation provides constant clipping power100 Mins cordless cutting (NiMH Battery)Rotary Motor Direct Drive TrimmerPowerfull single speed - 6,000 spmWhisper Quiet, cool running technologyLow vibrationQuick change snap on detachable blade - 0.8mm (#30)Precision ground, high carbon steel, hard chrome finish bladesuperior blade technology for ""glide through cutting""Lightweight - 140gcharging indicator lightSnap on cutting combs - #1 (3mm & 6mm) #2 (9mm & 12mm)†The Km2 + Mini Arco kit includes:KM2 Clipper#10 (1.8mm) Competition series bladeMini Arco Cord/Cordless TrimmerPrecision ground Mini Arco Blade (0.8mm)Charger2x Snap on guide combs (for the Mini Arco)Large Clipper OilCleaning BrushInstructions",beauty/personal care/hygiene hair products hair care products
440,5468,"Tennessee Titans Premium Badge Reel Normally your workplace is a very boring, bland environment ó the endless parade of Oxford shirts and black ties, the ever-present, eye-straining fluorescent lighting and the inky sludge the higher-ups generously refer to as ìcoffeeî all contribute to the white collar wasteland you inhabit. There is a glimmer of hope in this otherwise monotonous landscape ó this Premium Tennessee Titans badge reel! This sturdy badge reel allows you to wear your ID badge with plenty of Titans spirit. With features like an anti-rotational cord, a metal carabiner clip for easy attachment and a domed logo graphic on either side, this badge reel will help keep your credentials secure while injecting a bit of Tennessee flair into your workday!",household/office furniture/furnishings ornamental furnishings ornaments
442,8137,"Smok eGo Winder 1300mah                         1300mah SmokTech eGo Winder  Variable Voltage   1300mah,   Adjustable 3.2v to 4.8 volts   Includes charging cable",food/beverage/tobacco tobacco/smoking accessories tobacco products/smoking accessories
455,7441,"Vibrating Bell Indoor 4.25"" <p>Vibrating bells produce a continuous ringing sound as long as power is applied, includes Pig-Tail wire leads, indoor use, (Outdoor Model 1025) 120VAC, FEATURES: Completely assembled with gong shell, Universal back plate for mounting on various electrical back boxes, Gong shell need not be removed for installation,&nbsp	Efficient operation-.09 Amps @ 120Vac, 4-1/4"" gong size, 92dB@10', UL, ULC, CSA Listed .<br><br></p><p><marquee bgcolor=""#FFFF00"" width=""242"" height=""19"" style=""font-family: Calisto MT"">The Best Bell Made by the Best Bell Manufacturer! This is a great price for a vibrating bell. </marquee></p><ul> <li><b><font size=""3"" face=""Arial"">Voltage available</font></b><font size=""3"" face=""Arial"">:  120 VAC&nbsp	</font></li> <li><b><font size=""3"" face=""Arial"">Operating Current</font></b><font size=""3"" face=""Arial"">:&nbsp	.09 Amps</font></li> <li><b><font size=""3"" face=""Arial"">Temperature Range</font></b><font size=""3"" face=""Arial"">:&nbsp	Not Available</font></li> <li><b><font size=""3"" face=""Arial"">Listings</font></b><font size=""3"" face=""Arial"">: U.L., ULC, CSA</font></li> <li><font face=""Arial""><b><font size=""3"">Mounting</font></b><font size=""3"">: </font> Universal back plate for electrical box mounting</font></li> <li><b><font color=""black"" size=""3"" face=""Arial"">Indoor Use</font></b></li> <li><font color=""black"" size=""3"" face=""Arial""><b>Audible Output: </b>92 dB @  10' </font></li> <li><font color=""black"" size=""3"" face=""Arial""><b>Gong Shell Diameter</b>: 4 1/4&quot	</font></li></ul>",safety/security/surveillance home/business safety/security/surveillance alarm systems
479,6038,"Muscle Sensor v3 Kit  Description: Granted, using our muscles to control things is the way that most of us are accustomed to doing it. We push buttons, pull levers, move joysticksÖ but what if we could take the buttons, levers and joysticks out of the equation? That's right, take the electrical signal straight from the muscle and put it into your device. Thanks to shrinking amplifier technology, we can now do exactly that!  Measuring muscle activity by detecting its electric potential, referred to as electromyography (EMG), has traditionally been used for medical research. However, with the advent of ever shrinking yet more powerful microcontrollers and integrated circuits, EMG circuits and sensors have found their way into all kinds of control systems.  This sensor will measure the filtered and rectified electrical activity of a muscle	 outputting 0-Vs Volts depending the amount of activity in the selected muscle, where Vs signifies the voltage of the power source. It's that easy: stick on a few electrodes, read the voltage out and flex some muscles!  This kit comes with everything you need to start sensing muscle activity with your Arduino or controller of choice.  Dimensions: 1.0"" x 1.0""  Features:   Small Form Factor  Specially Designed For Microcontrollers  Adjustable Gain  3.5mm Connector  Breadboard Compatible  Power supply voltage: min. +-3.5V  Includes:   Muscle Sensor Board  24"" Cable Leads  6 Disposable Surface Electrodes  Documents:   User Manual  Schematic  Arduino Example Code  Processing Example Code  Fabric Electrode Tutorial  Iron Man Armor Tutorial  Replacement Electrodes",electrical supplies electronic communication components electronic communication components
515,4289,ATS46D75N Altistart 46 75 ampere second hand soft starter ATS46D75N Altistart 46 75 ampere†second hand†groupe Schneider soft starter†never bean used†and in the original pack. See also the second photo for more info about the †ATS46D75N. See here the ATS46 Manual,electrical supplies electrical connection/distribution electrical distribution
524,645,MC1 - MC5  KAIN PASANG / KAIN ELA,clothing clothing full body wear
569,2472,Temple Owls Mascot Figurine Cheer on your Temple Owls with this mascot figurine! It will be the perfect new addition to your fancave or office desk! Show your Temple Owls pride! This mascot figurine is not suitable for children.,toys/games toys/games dolls/puppets/action figures/soft toys
599,5750,Gioseppo papucs    Õgy v·lassz megfelel? mÈret? cip?t!†Kattins a kÈpre!,footwear footwear general purpose footwear
648,7577,"Atlanta Falcons Shoelace Earbuds Looking for a new way to show off your Atlanta pride? Try these Shoelace earbuds! Not only are they tangle-free, but they also feature a team-colored lanyard with repeated team names. The comfortable earbuds, which also provide superior sound, feature a team logo on the exterior. These useful earbuds even offer a mic and control switch. Once you start using these Falcons earbuds, youíll never even think of using your old headphones again!",footwear footwear footwear accessories
665,3900,OptronicsÆ Motion Pro 1000 Sealed Beam Remote Control Spotlight The OptronicsÆ Motion Pro 1000 Sealed Beam Remote Control Spotlight features durable ABS housing and a dual-face design.,camping camping camping heating/lighting equipment
696,4138,"Auburn Tigers Wood Mount Rubber Stamp Cheer on your Auburn Tigers with this Wood Mount rubber stamp! Youíre the type of fan that likes to go all out for your Auburn Tigers. Do just that with this stamp, which features an authentic Auburn Tigers logo that will let you take showing off your team pride to the next level!",stationery/office machinery/occasion supplies stationery/office machinery writing/design implements/aids
770,7877,"LEGO Minecraft, Micro World 21102 Minecraft is an online sandbox a virtual world where the essential play is creative building with virtual cubes and its about learning skills and building craft tools and mining for gold and diamonds. The games is inspired by Infiniminer, Dwarf Fortress and Dungeon Keeper, created by Markus Persson, the founder of Mojang AB. The game involves players creating and destroying various types of blocks in a three dimensional environment. The player takes an avatar that can destroy or create blocks, forming fantastic structures, creations and artwork across the various multiplayer servers in multiple game modes. Minecraft was the fastest growing online game in 2012. Players can destroy various types of blocks in a three dimensional environment. Inspired by Infiniminer, Dwarf Fortress and Dungeon Keeper. Player can form fantastic structures, creations and artwork acrosss various multiplayer servers in multiple game modes. Minecraft promotes essential creative play building with virtual cubes. Due to it's popularity and public outcry, this game has been ""ported"" to LEGO form, for even more enjoyment!",toys/games toys/games outdoor games/play structures
774,716,Digiscoping Adapter 56MM Ring  Fits: Vortex Razor 20-60,audio visual/photography photography/optics optics
776,7948,"Rotatrim RC M24 24-Inch Cut Rotatrim Professional-24 Cutter This Pro M Series range of 8 superbly engineered machines is the one by which all others are judged! Over 300,000 are in use worldwide	 in workshops, studios, schools and offices, where their robust construction is rigorously tested, day-in, day-out. With cut lengths from 12 inches to 54 inches each model features the unique chromed steel twin guide rails, silent glide action and all metal cutting head and end frames. These smooth running Pro M Series cutters are designed to withstand high volume applications and will cleanly cut virtually all flexible materials up to 3.0mm thickness. Fully guaranteed for 5 years. Each Pro M Series is screen-printed with a very useful 10mm grid, ÔøΩAÔøΩ size indicators and two additional metric / imperial scale bars. Full range of accessories available. TECHNICAL SPECIFICATIONS: cut capacity: 0.12 in.	 cut length: 24.02 in.	 height: 3.74 in.	 length: 30.63 in.	 weight: 15.65 lbs.	 width: 15.04 in.",stationery/office machinery/occasion supplies stationery/office machinery stationery cutters/trimmers
795,4571,Lagoon Green Jojoba Spheres ÔøΩ,healthcare health enhancement vitamins/minerals/nutritional supplements
809,3925,The Barracuda Briefcases Our Barracuda briefcase is such a convenient size at an excellent price.? Left side zipper pocket for cell phone or accessories coupled with the adjustable shoulder strap make for an excellent promotional product.? Your next tradeshow can be snazzed up with this tradeshow giveaway!,personal accessories personal accessories jewellery
843,8183,"EMD F40PH - Standard DC Amtrak (Phase III	 silver, Equal red, white & blue Stripes)",toys/games toys/games outdoor games/play structures
858,539,GTMA Super Heavyweight Hapkido Gi Constructed form a super heavy weight 14 oz. black cotton fabric.,sports equipment sports equipment combat sports equipment
864,6819,Natural Bamboo Pen Blanks- 25 pack Use bamboo to make your next pen These solid pen blanks are excellent for turning Sustainable bamboo pens to be a hit and become your favorite pen Natural...,building products building products lumber/wood panel/gypsum
868,4468,"Platinum Tools 2"" Hammer-On J-Hook, 5/16""-1/2"" flange, size 32. 100/Box.    Platinum Tools 2"" Hammer-On J-Hook, 5/16""-1/2"" flange, size 32. 100/Box.",safety/security/surveillance home/business safety/security/surveillance home/business surveillance equipment
881,3637,Aspirador Limpia Oidos    Aspirador Limpia Oidos     Extraiga de su oÌdo y de un plumazo la cera e impurezas que se acumula en ellas.       Funciona con 2 baterÌas AA y viene acompaÒado con varias almohadillas intercambiables para guardar la higiene entre cada miembro de la familia que desee utilizarlo.        Adem·s se incluye un pequeÒo cepillo para poder tener el dispositivo siempre limpio. †,healthcare health treatments/aids respiratory/allergy products
884,7638,"Swell FishMate Powerclenz 15000 UVC and Bermuda Filterforce 10000 Kit An instant filtration favourite, this is a high quality pump and filter kit for your garden. Each item is well...",plumbing/heating/ventilation/air conditioning plumbing/heating/ventilation/air conditioning plumbing/heating ventilation/air conditioning variety packs
886,5645,Pressed Ring All Natural,pet care/food pet care pet accessories
914,823,walimex Pop-Up Light Cube 90x60x60cm walimex Pop-Up Light Cube 90x60x60cm,audio visual/photography photography/optics photography
916,7738,B-Tech BTEBT7850-10   ïCan be cut to length if requiredïPoles are internally unobstructed to allow cables to pass through easilyïFeatures safety bolt holes at top and bottom for secure installationïPoles can be linked together using BT7823 or BT7824 JoinersïIncludes BT7057 pole ringïCut to length service available please contact us for detailsïLengths Available: ï0.25m - BT7850-025ï0.5m  - BT7850-050ï1m   - BT7850-100ï1.5m  - BT7850-150ï2m   - BT7850-200FeaturesBracket TypePole ColourSilver Max weight140 kgPole length1.0m,audio visual/photography audio visual equipment audio visual accessories
928,4924,"Plastic Black Seat Cover, Set   Suitable for most cars, this black plastic seat cover set from helps prevent dirt and stains from becoming ingrained in the fibres of your car.",household/office furniture/furnishings fabric/textile furnishings household/office fabric/textile furnishings
934,7856,27x50 Bath Towels 27x50 Hotel Bath Towels,household/office furniture/furnishings fabric/textile furnishings fabric/textile furnishings variety packs
937,4268,Pride Mobility Victory Sport The all new Pride Victory Sport is a full-size scooter packed with features we know you'll love. Get it now at Best Medical Supplies On Sale,healthcare health treatments/aids personal aids
961,7724,"Ground Shaker NST212 12"" Dual Sealed Nissan Titan Box 04-08 12"" Dual Sealed Box for Select 2004-11 Nissan Titan",audio visual/photography in-car electronics car audio
976,6313,Bussole profilo conico-elicoidale,tools/equipment ñ hand tools/equipment ñ hand nailers/staplers/riveting tools
990,6801,"Thera Flex Pads Item #: TFP1, TFP2, TFP3, TFP4",pet care/food pet care pet accessories
1007,3636,"Cuchillos Miracle Blade World Class 11 Piezas   Cuchillos Cocina Miracle Blade World      El juego de Cuchillos de Cocina Miracle Blade World Class 11 piezas nunca se desafilan, tienen una hoja tan potente y afilada que hasta corta una piÒa en el aire, adem·s de un diseÒo tan extraordinario que utiliza un sistema de control para picar, cortar y trocear de la forma m·s r·pida.    †   El mango de los CUCHILLOS MIRACLE BLADE World Class est· especialmente diseÒado para su confort y la hoja, reforzada y templada, es del mejor acero inoxidable.  †     Los Cuchillos de Cocina Miracle Blade World Class 11 piezas siempre permanecer·n afilados gracias a la revolucionaria hoja 3 en 1.     †  Cada vez que prepare carne asada, pavo o pollo, obtendr· un corte perfecto.     Usted recibir· a la entrega de su pedido: 1 Cuchillo de uso general + 1 Cuchillo para cortar en rodajas o en lonchas + 1 Cuchillo de picar + 4 Cuchillos para chuletas + 1 Cuchillo de Filetear + 1 Cuchillo de pelar + 1 Tijeras para trocear pollo y pavo + 1 cuchillo rebanador grande de regalo!  †    †    †",kitchen merchandise kitchen merchandise tableware ñ serving/eating/drinking equipment
1036,1365,Drexel Dragons Valve Stem Covers Celebrate your Drexel Dragons fandom with these cool Valve Stem covers! Make sure your car is decked out in as much Drexel Dragons gear as you when you arrive at the game. This convenient 4-pack features a domed Drexel Dragons logo on the end of each cover.,household/office furniture/furnishings ornamental furnishings ornaments
1060,4079,"SAF Holland PH-210RN11 45-Ton Rigid Type Pintle Hook Only (No Air Snubber) Special NotesnoneProduct DescriptionManufacturer: SAF HollandSAF Holland PN# PH-210RN11Includes Holland's Fast Latch mechanism for one-handed operationHeat treated cast alloy steel bodyDrawbar Eye Dimensions: 2.38"" to 3"" with 1.25"" to 1.63"" diameter sectionTested in accordance with SAE J847 (Type II)MGTW: 90,000 lbs.Max Vertical Load: 18,000 lbs.SAF Holland PH210 Tech Sheet (.PDF 353 kb)The SAF Holland PH210 Series pintle hooks are designed for pulling trailers, semi-trailers, and doubles and triples. For offroad applications, reduce the rated capacity by 25% and use in conjunction with a swivel type drawbar.",automotive automotive accessories and maintenance automotive cargo management
1080,825,walimex pro Pop-Up Light Cube 75x75x75cm walimex Pop-Up Light Cube 75x75x75cm,audio visual/photography photography/optics photography
1109,7744,Samsung Dual Fax Kit   CLX-FAX260 Dual Fax Kit,communications communications fixed communication devices
1142,7883,"PowerBar 9600 mAh Travel Charger, Compatible with the Xoom, Kindle, Nook, iPa... Features this design, packed with 9,600 mAh of power (enough to fully charge a tablet). Works with most cell phones, MP3 players, gaming devices, GPSs and PDAs, as well as many other handheld devices. Pre-charged for your convenience. Amount of charge may vary. Typical charge 65-75%. Recharge your PowerBar using the included USB cable. Output voltage: DC 5.0V - 2.1A Includes: PowerBar travel charger, travel case, master cord with two female connectors, and tips for most popular tablets, cell phones, smartphones, MP3s, PDAs, and handheld game consoles.",electrical supplies electrical connection/distribution batteries/chargers
1143,7267,"Bolas anales 69cm      Bolas anales de la marca MisterB Largo total 69cm. La bola pequeÒa tiene 41 mm, las 2 medianas 53 mm y las 2 grandes 63 mm. 69 cm de largo",beauty/personal care/hygiene personal intimacy sexual toys/aids
1145,6665,"No 4 Filtropa Aroma Brown Filters                                     Filtropa Aroma Brown Coffee Filters†are one of the best quality filters on the market for†over 50 years.† These brown filters are unbleached and are not glued.†The filter paper has high maintain strength, when wet, and as no other components are used this makes it†100 % natural†and illustrates even more the ecological aspect of our product.††100 filters in a box. Made in Holland.†  †  -No Glue  -Unbleached  -No Taste or Smell  †",food/beverage/tobacco beverages coffee/tea/substitutes
1169,4045,Tactical Tailor Two 5.56 Mag Pouch - Multicam Tactical Tailor's Two 5.56 Mag Pouch - 2 Magazines is designed to hold (2) 30 round M16 style 5.56 magazines but can also hold (1) G36 or similar odd-sized magazine. The pouch also features elastic loops on the front for two .12ga shotgun shell.,audio visual/photography audio visual equipment video recording/playback
1176,4249,"Jellycat I Love Grandma Book  With Jellycat, sweet meets hip. This adorable book is filled with colorful pages for baby to enjoy and to show Grandma your love.Color: Brand: Jellycat",textual/printed/reference materials textual/printed/reference materials books
1208,740,"Aluminum Natural Balance PLR, Wedged Item #: NBPLR-W30, NBPLR-W20, NBPLR-W0†, NBPLR-W1†, NBPLR-W2, NBPLR-W3,† NBPLR-W4",pet care/food pet care pet accessories
1224,7079,"Turn Signal Relay Suzuki GT750 Water Buffalo LeMans                        This is a Turn Signal Relay that will fit the following Suzuki motorcycles: GT250 Hustler 1973-1975  GT380 Sebring 1972-1975  GT550 Indy 1972-1975  GT750 Lemans 1972-1976  TC185 Ranger 1974-1976  TS400† Apache 1972-1975  T 200 X-S Invader 1967-1968  T250† Hustler 1969-1971  T350 Rebel 1969-1972  T500 Titan 1969-1975  T500† Cobra 1968   38610-15611RELAY ASSY, TURN SIGNAL This unit has some corrosion over it and one cut wire. It is usable as it is. New this would cost $51.63  †           HONDA      False      0      †      Turn Signal Relay S GT750 Water Buffalo 1974-1976",automotive cars and motorcycles motorcycles
1225,6966,Purdue Boilermakers Laptop Carry Case Celebrate your team fandom with this Purdue Boilermakers laptop carry case! This Purdue Boilermakers-inspiried laptop case is the only way to carry around one of your most valuable possessions. Itís got a cool Purdue Boilermakers logo on the bottom corner and has a team name printed across the strap.,computing computers/video games computer/video game software
1265,4929,"Shire 10X8 Shiplap Timber Summerhouse - Assembly Required   The 10x8 Shire timber summerhouse is the perfect extension of your living space	 ideal for you to extended living space by using as a summerhouse. This summerhouse features a sturdy shiplap construction, a specially designed roof and 2 double doors which provide easy access to the inside. The 2 windows allow fresh air and light in, ideal for ventilation. Manufactured in the UK, the TT-COC-003110 timber body comes untreated, ready for you to add the finish of your choice. This product will require assembly.",lawn/garden supplies lawn/garden supplies lawn/garden outdoor structures
1269,6614,FMF aluminum ISIS crank arms Lightweight cold forged 6061 T6 aluminum crankset. Compatable with any 110mm chainring. Axle type: ISIS (16.2oz) SALE,sports equipment sports equipment cycle sports equipment
1288,537,Tatami White Estilo 4.0 Premier BJJ Gi The latest in the Tatami Fightwear Estilo range the 4.0 surpasses all expectations of a white BJJ GI.,sports equipment sports equipment combat sports equipment
1299,4057,Chemiquip Spare Kit for PLV-255O Spare Kit for PLV-255O,sports equipment sports equipment swimming/surfing/diving sports equipment
1349,7679,Turmix Handblender Mixer CX 500 Handblender Mixer,home appliances small domestic appliances small cooking/heating appliances
1354,4754,Gold Embroidered Dashiki/Pant Set Gold Embroidered Dashiki/Pant Set,clothing clothing clothing variety packs
1355,815,walimex Pop-Up Light Cube 90x60x60cm walimex Pop-Up Light Cube 90x60x60cm,audio visual/photography photography/optics photography
1379,4565,"8oz PET Boston Round  Description: Height: 4.94""? Diameter: 2.375""? Label Height: 3.25"" Finish: 24/410 Dip Tube Length Needed: 4.95"" ? Click here for Caps for this bottle Click here for Fine Mist Sprayers for this bottle Click here for Lotion Pumps for this bottle ? ?",storage/haulage containers storage/haulage boxes/crates/trays (empty) storage/haulage boxes/crates/trays (empty)
1386,4496,Cannastick GlassRx Dry Herb Starter Kit\|Cannastick GlassRx Dry Herb Starter Kit Introducing our all-new Cannastick GlassRx dry herb starter kit. Strictly for professionals.\|Introducing our all-new Cannastick GlassRx dry herb starter kit. Strictly for professionals.,food/beverage/tobacco tobacco/smoking accessories tobacco products/smoking accessories
1389,5511,"Tinycare Waterproof Nappy - Set Of 3 Tinycare waterproof nappies are made from high quality material. The outer layer is plastic and the inner layer is soft fabric. This nappy helps to keep your baby fresh for long hours. Velcro closure makes them easy to use and also help to support diapers. Specifications Brand - Tinycare Type - Waterproof Nappies No. of Pieces - 3Key Features Easy to use and comfortable Comes with Velcro attachment and do not require safety pin Soft, allows baby's skin to breathe freely Helps to prevent leakage Adjustable and washableItems Included in Package 3 Velcro Waterproof Nappies Recommendation - These are waterproof but not absorbent, recommended to use with an absorbent cloth diaper Note : The product comes in various attractive colors, the one available will be shipped to you.",clothing clothing underwear
1399,4067,"Bendix 5008414 Desiccant Cartridge for AD-IS and AD-SP Air Dryers Special NotesnoneProduct DescriptionManufacturer: BendixPart Number: 5008414Condition: NewDesiccant cartridge for AD-IS and AD-SP air dryersIncludes one cartridge, o-ring, and lubeCross References: R109994, R950011, BA5374, 5008415, 109994K, 3076109994, 4324100202, 1699595C1, S-A323, AC1001A cross reference listing means that this part is a suitable replacement for the part numbers listed.",plumbing/heating/ventilation/air conditioning plumbing/heating/ventilation/air conditioning air conditioning/cooling/ventilation equipment
1418,3923,"Performance Blanket Tote Bags Performance Blanket Totes with your custom imprint.? A blanket and a foldable tote all in one!? Convertible blanket tote is perfect for picnics and sporting events.? Comfort fleece blanket with nylon backing.? Front and back slash pockets.? 28"" handles.? Comes in Navy, Hunter Green or Black.? FREE 1-DAY RUSH PRODUCTION AVAILABLE!",personal accessories personal accessories personal carriers/accessories
1468,6694,SummerLite 183 CM Western Mountaineering SummerLite is a dream come true for lightweight backpacking fanatics.,clothing clothing upper body wear/tops
1482,6051,Girls Infant Carolina Panthers Pink Colorblock Footed Sleeper Let your young lady celebrate her Carolina Panthers fandom with this Colorblock footed sleeper! This cute fleece-lined sleeper features a full zipper closure on the front and an embroidered Carolina Panthers logo. It also has rib-knit detailing and a non-slip grip on the feet so she can run around like her favorite Carolina Panthers players without falling.,footwear footwear indoor footwear
1540,7526,Giro Seam Unisex Helmet Matte Pewter 2015 Giro Seam Ski Helmet or Snowboard Helmet - This adults ski or snowboard helmet is the perfect all mountain lightweight helmet. Our most popular helmet for men and women skiers and snowboarders. Innovative Stack Ventilation combines with Thermostat Control vent system to disperse excess heat fur superior comfort in a variety of conditions.,safety/protection ñ diy safety/protection ñ diy protective personal aids ñ diy
1556,1678,"Riddell Fresno State Bulldogs Mini Speed Helmet - Cardinal Football is an evolutionary sport. From the brutal days of the early 1900s to the technical advances of the twenty-first century, the game and the gear have changed, adapted, and improved. Honor your enduring faith in the game and your unshakable belief in your team with this Riddell Fresno State mini replica football helmet. Featuring the team logo taken from actual uniform type face, a full set of interior pads, adjustable chin strap and powder-coated metal faceguard, the presence of this helmet will bring echoes of a roaring crowd, the fresh scent of cut turf, and a thrill for the sport that only the truest of Fresno State fans can feel. The feeling youíll get from this Bulldogs helmet will bring you back to the day you first started rooting for your team.",clothing clothing upper body wear/tops
1559,7574,Arsenal FC Puma Navy Blue Foundation Earbuds Celebrate your Arsenal FC fandom by using these Foundation earbuds. These cool earbuds feature Arsenal FC details. These Arsenal FC earbuds also come with interchangeable ear pieces for ultimate comfort.,clothing clothing clothing accessories
1567,1484,"Baltimore Ravens Tire Toss Game Thereís never a dull moment on Ravens game day. As for the off-season, you canít say the same. Keep the Baltimore football pride alive with this Tire Toss game! Designed to help you improve your throwing accuracy, it includes an inflatable 30-inch tire decorated with vibrant Ravens graphics, two small softee footballs that measure 5î x 3î, braided rope and an attachment fitting, so you can hang it up and practice just like 86000000_Toys/Gamesthe pros. You can bust it out on game day, too, and let the kiddies give it a whirl!",toys/games toys/games board games/cards/puzzles
1600,8006,157793-001 HP Power Supply 450W Description:Power Supply 450W Proliant ML530/570Power Supply for the Proliant ML530/570Part Number(s)Manufacturer Part# 157793-001,electrical supplies electrical connection/distribution electrical distribution
1615,7629,"Hozelock Bioforce and Aquaforce Pump Kit A match made in heaven, this Hozelock combination utilises both the excellent fltration from the Bioforce pond...",plumbing/heating/ventilation/air conditioning plumbing/heating/ventilation/air conditioning plumbing/heating ventilation/air conditioning variety packs
1629,8226,"Budweiser Anheuser Busch 3 Shade Pool Table Light (FREE SHIPPING)          Officially licensed Budweiser Anheuser Busch 60 Inch 3 Shade Billiard Lamp. This 3 shade lamp is the perfect addition to any billiard room. Measures 60 inches in length and each lamp is 14 inches in diameter and complimented by a full color graphic. This lamp is supplied with cord and ready plug into a 110 volt household outlet. Features Include:Hanging ChainsChrome Support StructureDurable Polyresin ShadesThree light bulb sockets110 volt household outletThis item ships FREE within the USA only, separately from the rest of your order. No PO Boxes, Alaska, Hawaii, or international destinations. Ships UPS ground only - no express service available. Usually ships within 3-4 business days.                   Note: Since this is shipped directly from the manufacturer, this item does not fall under our standard return policy and cannot be returned for refund/exchange.",electrical supplies electrical lighting electric lamps/light bulbs/lighting
1642,7734,Exterity Irdeto Two Channel CAM   Irdeto Two Channel CAM,audio visual/photography audio visual equipment video recording/playback
1658,5311,WinCraft Danica Patrick Sprint Cup GoDaddy.com Credential Holder Head to the NASCAR track in style with this WinCraft credential holder. It has a convenient cotton/nylon lanyard and a clear vinyl pocket decorated with driver and team graphics.<br>,personal accessories personal accessories personal carriers/accessories
1665,4426,Jack Knife - USB Flash Drive Jack Knife is a convenient USB flash drive with a metal folding USB drive and a sturdy metal case. The folding metal design is one of the kind. Laser engrave or color print to make it stand out with your custom text or logo.,audio visual/photography audio visual media recordable media
1672,7270,Beveled Galvanized Post Caps Beveled Galvanized Post Cap  Unique and appealing cap that will last the life time of your house Protects any fence post from cracking and early wear Made,building products building products fixings/fasteners hardware
